zone,short_term,beta_coef,ci_low,ci_high
Low,warming,-0.3581814748803609,-0.7240133271254672,0.007650377364745442
Mid,warming,0.24516791725250336,-0.617447578662025,1.1077834131670319
Mid,cooling,0.43489206684966947,-6.483129831907353e-4,0.8704324466825297
Low,cooling,4.441968170417573,3.083247891687693,5.800688449147453
High,warming,3.4158199527411455,2.018089366500462,4.813550538981829
High,cooling,0.360052534391646,0.04540648998584301,0.6746985787974489
