zone,short_term,beta_coef,ci_low,ci_high
Low,warming,0.27854114874005487,4.8345386912690413e-4,0.5565988436109828
Mid,warming,0.8149849634937747,0.06309044644666195,1.5668794805408874
Mid,cooling,0.3188712628981113,-0.0020296554566660574,0.6397721812528887
Low,cooling,3.278382009465575,2.2396805488985,4.31708347003265
High,warming,3.677021033370919,1.8400763083594331,5.513965758382405
High,cooling,0.2056418030980371,-0.12318151815797018,0.5344651243540444
