short_term,beta_coef,ci_low,ci_high
warming,3.448415393351929,1.2212218448873555,5.6756089418165026
cooling,0.14576596267643427,-0.26562673106463847,0.5571586564175071
