zone,short_term,beta_coef,ci_low,ci_high
Low,warming,0.8345127489203132,0.5636049456636885,1.105420552176938
Mid,warming,-0.8830389644780579,-1.28594756186104,-0.4801303670950756
Mid,cooling,-1.003838964907435,-1.2993761070664056,-0.7083018227484645
Low,cooling,0.6685842916956111,0.4523015068892203,0.8848670765020019
High,warming,-0.1488616524767875,-0.5799430091038975,0.2822197041503225
High,cooling,-0.5238951839957873,-0.8446893325752849,-0.2031010354162896
