zone,short_term,beta_coef,ci_low,ci_high
Low,warming,0.8276544626150899,0.5523272399154074,1.1029816853147723
Mid,warming,-0.9211637351712688,-1.333448691660858,-0.5088787786816796
Mid,cooling,-0.8393983918646124,-1.1294754184382567,-0.5493213652909681
Low,cooling,0.7088995073608715,0.4973628619194571,0.9204361528022859
High,warming,-0.2943507590870699,-0.8192202900835979,0.23051877190945808
High,cooling,-0.5669018128100156,-0.9653229044562488,-0.16848072116378243
