zone,short_term,beta_coef,ci_low,ci_high
High,cooling,0.3066711114089612,0.03,0.45
High,warming,3.632969899073546,0.24,5.77
Low,cooling,3.371601525344547,1.77,4.24
Low,warming,0.14071418582216924,-0.16,1
Mid,cooling,0.40770247792733605,-0.61,1.52
Mid,warming,0.7178305459761607,-0.05,1.57
