zone,short_term,beta_coef,ci_low,ci_high
Low,warming,0.27854114874005487,4.8345386912690413e-4,0.5565988436109828
Mid,warming,0.8149849634937748,0.06309044644666206,1.5668794805408877
Mid,cooling,0.3188712628981113,-0.0020296554566660574,0.6397721812528887
Low,cooling,3.2783820094655707,2.2396805488984963,4.317083470032645
High,warming,3.67702103337092,1.8400763083594343,5.513965758382406
High,cooling,0.2056418030980372,-0.12318151815797013,0.5344651243540446
