zone,temp,beta_coef,ci_low,ci_high
High,warm,-0.6795184592013832,-1.5251061744591812,-0.03042942517424468
Low,warm,0.18011137279149267,-0.3112329800103924,0.5821695039927006
Mid,warm,-0.17078276903555284,-0.4851511383613327,0.03623471607639006
High,cool,0.013436629212615316,-0.37406825345572264,0.45596321405956064
Low,cool,-0.2959770879583378,-1.181360841101861,0.6406413422044727
Mid,cool,0.41331111503262813,-0.1529416340544244,1.2593418400953293
