zone,temp,beta_coef,ci_low,ci_high
High,warm,-0.20112940330386206,-0.4184011621424971,0.01614235553477303
High,cool,-0.38017122243006013,-0.5958087767755939,-0.1645336680845264
Low,warm,0.13197557905927718,-0.18862521811852248,0.4525763762370768
Low,cool,0.04871284814249743,-0.16628604076816833,0.2637117370531632
Mid,warm,0.10846198051414548,0.05211781735247338,0.16480614367581758
Mid,cool,-0.33710825778026376,-0.4339591746110383,-0.24025734094948925
